{"cameraMode":{"drawMode":0,"name":"Shaded","section":"Shading Mode"},"sceneLighting":true,"audioPlay":false,"sceneViewState":{"showFog":true,"showMaterialUpdate":false,"showSkybox":true,"showFlares":true,"showImageEffects":true,"showParticleSystems":true},"in2DMode":false,"pivot":{"x":12.323379516601563,"y":4.4736328125,"z":-0.3755137026309967},"rotation":{"x":0.28389933705329897,"y":0.1246812492609024,"z":-0.03726109489798546,"w":0.9499845504760742},"size":5.266609191894531,"orthographic":false}